Workbook

Sheet Trade Model
A1: ZQ Fed Funds Futures — Trade P&L Model
A3: Trade Inputs & Mark-to-Market
A4: Trade ID | B4: Contract | C4: Side | D4: Contracts | E4: Entry Price | F4: Current Price | G4: Exit Price | H4: RT Commission / Contract ($) | I4: Unrealized P&L ($) | J4: Realized P&L ($) | K4: P&L After RT Commission ($) | L4: Breakeven Exit Price
A5: ZQ Trade 1 | B5: ZQU6 | C5: Long | D5: 1 | E5: 96.2675 | F5: 96.375 | G5: =F5 -> 96.375 | H5: 0 | I5: =IF(OR(E5="",F5="",D5=0),0,(F5-E5)*4167*IF(C5="Long",1,-1)*D5) -> 447.9525 | J5: =IF(OR(E5="",G5="",D5=0),0,(G5-E5)*4167*IF(C5="Long",1,-1)*D5) -> 447.9525 | K5: =J5-(H5*D5) -> 447.9525 | L5: =IF(OR(E5="",D5=0),0,E5+IF(C5="Long",1,-1)*(H5/4167)) -> 96.2675
A6: ZQ Trade 2 | C6: Long | D6: 0 | H6: =H5 -> 0 | I6: =IF(OR(E6="",F6="",D6=0),0,(F6-E6)*4167*IF(C6="Long",1,-1)*D6) -> 0 | J6: =IF(OR(E6="",G6="",D6=0),0,(G6-E6)*4167*IF(C6="Long",1,-1)*D6) -> 0 | K6: =J6-(H6*D6) -> 0 | L6: =IF(OR(E6="",D6=0),0,E6+IF(C6="Long",1,-1)*(H6/4167)) -> 0
A7: ZQ Trade 3 | C7: Long | D7: 0 | H7: =H6 -> 0 | I7: =IF(OR(E7="",F7="",D7=0),0,(F7-E7)*4167*IF(C7="Long",1,-1)*D7) -> 0 | J7: =IF(OR(E7="",G7="",D7=0),0,(G7-E7)*4167*IF(C7="Long",1,-1)*D7) -> 0 | K7: =J7-(H7*D7) -> 0 | L7: =IF(OR(E7="",D7=0),0,E7+IF(C7="Long",1,-1)*(H7/4167)) -> 0
A8: ZQ Trade 4 | C8: Long | D8: 0 | H8: =H7 -> 0 | I8: =IF(OR(E8="",F8="",D8=0),0,(F8-E8)*4167*IF(C8="Long",1,-1)*D8) -> 0 | J8: =IF(OR(E8="",G8="",D8=0),0,(G8-E8)*4167*IF(C8="Long",1,-1)*D8) -> 0 | K8: =J8-(H8*D8) -> 0 | L8: =IF(OR(E8="",D8=0),0,E8+IF(C8="Long",1,-1)*(H8/4167)) -> 0
A9: ZQ Trade 5 | C9: Long | D9: 0 | H9: =H8 -> 0 | I9: =IF(OR(E9="",F9="",D9=0),0,(F9-E9)*4167*IF(C9="Long",1,-1)*D9) -> 0 | J9: =IF(OR(E9="",G9="",D9=0),0,(G9-E9)*4167*IF(C9="Long",1,-1)*D9) -> 0 | K9: =J9-(H9*D9) -> 0 | L9: =IF(OR(E9="",D9=0),0,E9+IF(C9="Long",1,-1)*(H9/4167)) -> 0
A10: ZQ Trade 6 | C10: Long | D10: 0 | H10: =H9 -> 0 | I10: =IF(OR(E10="",F10="",D10=0),0,(F10-E10)*4167*IF(C10="Long",1,-1)*D10) -> 0 | J10: =IF(OR(E10="",G10="",D10=0),0,(G10-E10)*4167*IF(C10="Long",1,-1)*D10) -> 0 | K10: =J10-(H10*D10) -> 0 | L10: =IF(OR(E10="",D10=0),0,E10+IF(C10="Long",1,-1)*(H10/4167)) -> 0
A11: ZQ Trade 7 | C11: Long | D11: 0 | H11: =H10 -> 0 | I11: =IF(OR(E11="",F11="",D11=0),0,(F11-E11)*4167*IF(C11="Long",1,-1)*D11) -> 0 | J11: =IF(OR(E11="",G11="",D11=0),0,(G11-E11)*4167*IF(C11="Long",1,-1)*D11) -> 0 | K11: =J11-(H11*D11) -> 0 | L11: =IF(OR(E11="",D11=0),0,E11+IF(C11="Long",1,-1)*(H11/4167)) -> 0
A12: ZQ Trade 8 | C12: Long | D12: 0 | H12: =H11 -> 0 | I12: =IF(OR(E12="",F12="",D12=0),0,(F12-E12)*4167*IF(C12="Long",1,-1)*D12) -> 0 | J12: =IF(OR(E12="",G12="",D12=0),0,(G12-E12)*4167*IF(C12="Long",1,-1)*D12) -> 0 | K12: =J12-(H12*D12) -> 0 | L12: =IF(OR(E12="",D12=0),0,E12+IF(C12="Long",1,-1)*(H12/4167)) -> 0
A13: ZQ Trade 9 | C13: Long | D13: 0 | H13: =H12 -> 0 | I13: =IF(OR(E13="",F13="",D13=0),0,(F13-E13)*4167*IF(C13="Long",1,-1)*D13) -> 0 | J13: =IF(OR(E13="",G13="",D13=0),0,(G13-E13)*4167*IF(C13="Long",1,-1)*D13) -> 0 | K13: =J13-(H13*D13) -> 0 | L13: =IF(OR(E13="",D13=0),0,E13+IF(C13="Long",1,-1)*(H13/4167)) -> 0
A14: ZQ Trade 10 | C14: Long | D14: 0 | H14: =H13 -> 0 | I14: =IF(OR(E14="",F14="",D14=0),0,(F14-E14)*4167*IF(C14="Long",1,-1)*D14) -> 0 | J14: =IF(OR(E14="",G14="",D14=0),0,(G14-E14)*4167*IF(C14="Long",1,-1)*D14) -> 0 | K14: =J14-(H14*D14) -> 0 | L14: =IF(OR(E14="",D14=0),0,E14+IF(C14="Long",1,-1)*(H14/4167)) -> 0
A17: Scenario P&L — Trade 1 | H17: Key Contract Economics
A18: Rate Shock (bps) | B18: Rate Change (%) | C18: Scenario Exit Price | D18: P&L / Contract ($) | E18: Total P&L ($) | F18: P&L After RT Commission ($) | H18: Contract Size ($) | I18: 4167
A19: -200 | B19: =A19/100 -> -2 | C19: =IF($E$5="",0,$E$5-B19) -> 98.2675 | D19: =-A19*41.67*IF($C$5="Long",1,-1) -> 8334 | E19: =D19*$D$5 -> 8334 | F19: =E19-($H$5*$D$5) -> 8334 | H19: $ / 1 bp | I19: 41.67
A20: -175 | B20: =A20/100 -> -1.75 | C20: =IF($E$5="",0,$E$5-B20) -> 98.0175 | D20: =-A20*41.67*IF($C$5="Long",1,-1) -> 7292.25 | E20: =D20*$D$5 -> 7292.25 | F20: =E20-($H$5*$D$5) -> 7292.25 | H20: $ / 25 bp | I20: 1041.75
A21: -150 | B21: =A21/100 -> -1.5 | C21: =IF($E$5="",0,$E$5-B21) -> 97.7675 | D21: =-A21*41.67*IF($C$5="Long",1,-1) -> 6250.5 | E21: =D21*$D$5 -> 6250.5 | F21: =E21-($H$5*$D$5) -> 6250.5 | H21: Index convention | I21: Price = 100 - avg. EFFR
A22: -125 | B22: =A22/100 -> -1.25 | C22: =IF($E$5="",0,$E$5-B22) -> 97.5175 | D22: =-A22*41.67*IF($C$5="Long",1,-1) -> 5208.75 | E22: =D22*$D$5 -> 5208.75 | F22: =E22-($H$5*$D$5) -> 5208.75 | H22: Typical minimum tick | I22: Nearest: 0.25 bp; others: 0.5 bp
A23: -100 | B23: =A23/100 -> -1 | C23: =IF($E$5="",0,$E$5-B23) -> 97.2675 | D23: =-A23*41.67*IF($C$5="Long",1,-1) -> 4167 | E23: =D23*$D$5 -> 4167 | F23: =E23-($H$5*$D$5) -> 4167 | H23: P&L sign | I23: Long gains when ZQ price rises
A24: -75 | B24: =A24/100 -> -0.75 | C24: =IF($E$5="",0,$E$5-B24) -> 97.0175 | D24: =-A24*41.67*IF($C$5="Long",1,-1) -> 3125.25 | E24: =D24*$D$5 -> 3125.25 | F24: =E24-($H$5*$D$5) -> 3125.25
A25: -50 | B25: =A25/100 -> -0.5 | C25: =IF($E$5="",0,$E$5-B25) -> 96.7675 | D25: =-A25*41.67*IF($C$5="Long",1,-1) -> 2083.5 | E25: =D25*$D$5 -> 2083.5 | F25: =E25-($H$5*$D$5) -> 2083.5 | H25: Model conventions: commission input is round-trip per contract. Futures P&L is marked by index-price movement × $4,167.
A26: -25 | B26: =A26/100 -> -0.25 | C26: =IF($E$5="",0,$E$5-B26) -> 96.5175 | D26: =-A26*41.67*IF($C$5="Long",1,-1) -> 1041.75 | E26: =D26*$D$5 -> 1041.75 | F26: =E26-($H$5*$D$5) -> 1041.75
A27: 0 | B27: =A27/100 -> 0 | C27: =IF($E$5="",0,$E$5-B27) -> 96.2675 | D27: =-A27*41.67*IF($C$5="Long",1,-1) -> 0 | E27: =D27*$D$5 -> 0 | F27: =E27-($H$5*$D$5) -> 0
A28: 25 | B28: =A28/100 -> 0.25 | C28: =IF($E$5="",0,$E$5-B28) -> 96.0175 | D28: =-A28*41.67*IF($C$5="Long",1,-1) -> -1041.75 | E28: =D28*$D$5 -> -1041.75 | F28: =E28-($H$5*$D$5) -> -1041.75
A29: 50 | B29: =A29/100 -> 0.5 | C29: =IF($E$5="",0,$E$5-B29) -> 95.7675 | D29: =-A29*41.67*IF($C$5="Long",1,-1) -> -2083.5 | E29: =D29*$D$5 -> -2083.5 | F29: =E29-($H$5*$D$5) -> -2083.5
A30: 75 | B30: =A30/100 -> 0.75 | C30: =IF($E$5="",0,$E$5-B30) -> 95.5175 | D30: =-A30*41.67*IF($C$5="Long",1,-1) -> -3125.25 | E30: =D30*$D$5 -> -3125.25 | F30: =E30-($H$5*$D$5) -> -3125.25
A31: 100 | B31: =A31/100 -> 1 | C31: =IF($E$5="",0,$E$5-B31) -> 95.2675 | D31: =-A31*41.67*IF($C$5="Long",1,-1) -> -4167 | E31: =D31*$D$5 -> -4167 | F31: =E31-($H$5*$D$5) -> -4167
A32: 125 | B32: =A32/100 -> 1.25 | C32: =IF($E$5="",0,$E$5-B32) -> 95.0175 | D32: =-A32*41.67*IF($C$5="Long",1,-1) -> -5208.75 | E32: =D32*$D$5 -> -5208.75 | F32: =E32-($H$5*$D$5) -> -5208.75 | I32: 3.75
A33: 150 | B33: =A33/100 -> 1.5 | C33: =IF($E$5="",0,$E$5-B33) -> 94.7675 | D33: =-A33*41.67*IF($C$5="Long",1,-1) -> -6250.5 | E33: =D33*$D$5 -> -6250.5 | F33: =E33-($H$5*$D$5) -> -6250.5 | I33: =100-I32 -> 96.25
A34: 175 | B34: =A34/100 -> 1.75 | C34: =IF($E$5="",0,$E$5-B34) -> 94.5175 | D34: =-A34*41.67*IF($C$5="Long",1,-1) -> -7292.25 | E34: =D34*$D$5 -> -7292.25 | F34: =E34-($H$5*$D$5) -> -7292.25
A35: 200 | B35: =A35/100 -> 2 | C35: =IF($E$5="",0,$E$5-B35) -> 94.2675 | D35: =-A35*41.67*IF($C$5="Long",1,-1) -> -8334 | E35: =D35*$D$5 -> -8334 | F35: =E35-($H$5*$D$5) -> -8334
B36: =A36/100 -> 0 | C36: =IF($E$5="",0,$E$5-B36) -> 96.2675 | D36: =-A36*41.67*IF($C$5="Long",1,-1) -> 0 | E36: =D36*$D$5 -> 0 | F36: =E36-($H$5*$D$5) -> 0 | H36: initial margin | I36: 1348

Sheet Dashboard
A1: ZQ Fed Funds Futures — Trading & Policy Probability Dashboard
A3: Trade Snapshot | F3: Fed Probability Snapshot
A4: Contracts | B4: ='Trade Model'!D5 -> 1 | F4: Metric | G4: Value
A5: Entry Price | B5: ='Trade Model'!E5 -> 96.2675 | F5: Futures Price | G5: =Probability!B5 -> 96.3
A6: Current Price | B6: ='Trade Model'!F5 -> 96.375 | F6: Implied Avg. EFFR | G6: =Probability!B6 -> 3.7 | N6: 1348
A7: Unrealized P&L ($) | B7: ='Trade Model'!I5 -> 447.9525 | F7: Expected Meeting Move (bps) | G7: =Probability!B17 -> 15 | N7: =B7/N6 -> 0.33230898
A8: Realized P&L ($) | B8: ='Trade Model'!J5 -> 447.9525 | F8: Probability 25bp Hike | G8: =Probability!K7 -> 0.6
A9: P&L After Commission ($) | B9: ='Trade Model'!K5 -> 447.9525 | F9: Probability 25bp Cut | G9: =Probability!K8 -> 0
F10: Probability No Change | G10: =Probability!K6 -> 0.4
A12: Trade 1 Scenario P&L vs. Rate Shock
A31: Use the blue/yellow cells as scenario inputs. The model uses CME's 30-Day Fed Funds futures economics: each 1 bp in ZQ is $41.67 per contract. The probability model follows CME's 25bp-step convention and should be refreshed with the latest ZQ price, EFFR, and meeting timing before using it for a live trade.
A35: Rate Shock (bps) | B35: Total P&L ($)
A36: ='Trade Model'!A19 -> -200 | B36: ='Trade Model'!E19 -> 8334
A37: ='Trade Model'!A20 -> -175 | B37: ='Trade Model'!E20 -> 7292.25
A38: ='Trade Model'!A21 -> -150 | B38: ='Trade Model'!E21 -> 6250.5
A39: ='Trade Model'!A22 -> -125 | B39: ='Trade Model'!E22 -> 5208.75
A40: ='Trade Model'!A23 -> -100 | B40: ='Trade Model'!E23 -> 4167
A41: ='Trade Model'!A24 -> -75 | B41: ='Trade Model'!E24 -> 3125.25
A42: ='Trade Model'!A25 -> -50 | B42: ='Trade Model'!E25 -> 2083.5
A43: ='Trade Model'!A26 -> -25 | B43: ='Trade Model'!E26 -> 1041.75
A44: ='Trade Model'!A27 -> 0 | B44: ='Trade Model'!E27 -> 0
A45: ='Trade Model'!A28 -> 25 | B45: ='Trade Model'!E28 -> -1041.75
A46: ='Trade Model'!A29 -> 50 | B46: ='Trade Model'!E29 -> -2083.5
A47: ='Trade Model'!A30 -> 75 | B47: ='Trade Model'!E30 -> -3125.25
... A52: ='Trade Model'!A35 -> 200 | B52: ='Trade Model'!E35 -> -8334

Sheet Probability
A1: ZQ / Fed Funds Futures — Implied FOMC Probability Model
A3: Inputs | D3: Exact Probability by FOMC Move Magnitude | J3: Trader Readout
A4: Contract Month | B4: September 2026 | D4: Move | E4: Outcome | F4: Exact Probability | G4: Target Rate Midpoint | H4: Notes | J4: Metric | K4: Result
A5: Futures Price | B5: 96.3 | D5: -200 | E5: =IF(D5<0,"Cut",IF(D5>0,"Hike","No Change")) -> Cut | F5: =IF(D5=$B$21,1-$B$20,IF(D5=$B$22,$B$20,0)) -> 0 | G5: =$B$8+D5/100 -> 1.625 | H5: =IF(F5>0,"Model-implied probability","") | J5: Implied hike/cut direction | K5: =IF(B17>0,"Hike",IF(B17<0,"Cut","No Change")) -> Hike
A6: Implied Avg. EFFR | B6: =100-B5 -> 3.7 | D6: -175 | E6: =IF(D6<0,"Cut",IF(D6>0,"Hike","No Change")) -> Cut | F6: =IF(D6=$B$21,1-$B$20,IF(D6=$B$22,$B$20,0)) -> 0 | G6: =$B$8+D6/100 -> 1.875 | H6: =IF(F6>0,"Model-implied probability","") | J6: Probability of no change | K6: =F13 -> 0.4
A7: Current EFFR | B7: 3.63 | D7: -150 | E7: =IF(D7<0,"Cut",IF(D7>0,"Hike","No Change")) -> Cut | F7: =IF(D7=$B$21,1-$B$20,IF(D7=$B$22,$B$20,0)) -> 0 | G7: =$B$8+D7/100 -> 2.125 | H7: =IF(F7>0,"Model-implied probability","") | J7: Probability of 25bp hike | K7: =F14 -> 0.6
A8: Current Target Midpoint | B8: 3.625 | D8: -125 | E8: =IF(D8<0,"Cut",IF(D8>0,"Hike","No Change")) -> Cut | F8: =IF(D8=$B$21,1-$B$20,IF(D8=$B$22,$B$20,0)) -> 0 | G8: =$B$8+D8/100 -> 2.375 | H8: =IF(F8>0,"Model-implied probability","") | J8: Probability of 25bp cut | K8: =F12 -> 0
A9: Decision / Effective Date | B9: 46282 | D9: -100 | E9: =IF(D9<0,"Cut",IF(D9>0,"Hike","No Change")) -> Cut | F9: =IF(D9=$B$21,1-$B$20,IF(D9=$B$22,$B$20,0)) -> 0 | G9: =$B$8+D9/100 -> 2.625 | H9: =IF(F9>0,"Model-implied probability","") | J9: Expected move (bps) | K9: =B17 -> 15
A10: Days in Month | B10: 30 | D10: -75 | E10: =IF(D10<0,"Cut",IF(D10>0,"Hike","No Change")) -> Cut | F10: =IF(D10=$B$21,1-$B$20,IF(D10=$B$22,$B$20,0)) -> 0 | G10: =$B$8+D10/100 -> 2.875 | H10: =IF(F10>0,"Model-implied probability","") | J10: Expected post-meeting EFFR | K10: =B16 -> 3.78
A11: Pre-Meeting Days | B11: 16 | D11: -50 | E11: =IF(D11<0,"Cut",IF(D11>0,"Hike","No Change")) -> Cut | F11: =IF(D11=$B$21,1-$B$20,IF(D11=$B$22,$B$20,0)) -> 0 | G11: =$B$8+D11/100 -> 3.125 | H11: =IF(F11>0,"Model-implied probability","")
A12: Post-Meeting Days | B12: 14 | D12: -25 | E12: =IF(D12<0,"Cut",IF(D12>0,"Hike","No Change")) -> Cut | F12: =IF(D12=$B$21,1-$B$20,IF(D12=$B$22,$B$20,0)) -> 0 | G12: =$B$8+D12/100 -> 3.375 | H12: =IF(F12>0,"Model-implied probability","")
A13: 25 bp Increment | B13: 0.25 | D13: 0 | E13: =IF(D13<0,"Cut",IF(D13>0,"Hike","No Change")) -> No Change | F13: =IF(D13=$B$21,1-$B$20,IF(D13=$B$22,$B$20,0)) -> 0.4 | G13: =$B$8+D13/100 -> 3.625 | H13: =IF(F13>0,"Model-implied probability","") -> Model-implied probability
A14: Probability Method | B14: CME-style adjacent 25bp outcomes | D14: 25 | E14: =IF(D14<0,"Cut",IF(D14>0,"Hike","No Change")) -> Hike | F14: =IF(D14=$B$21,1-$B$20,IF(D14=$B$22,$B$20,0)) -> 0.6 | G14: =$B$8+D14/100 -> 3.875 | H14: =IF(F14>0,"Model-implied probability","") -> Model-implied probability
D15: 50 | E15: =IF(D15<0,"Cut",IF(D15>0,"Hike","No Change")) -> Hike | F15: =IF(D15=$B$21,1-$B$20,IF(D15=$B$22,$B$20,0)) -> 0 | G15: =$B$8+D15/100 -> 4.125 | H15: =IF(F15>0,"Model-implied probability","")
A16: Implied Post-Meeting EFFR | B16: =(B6*B10-B7*B11)/B12 -> 3.78 | D16: 75 | E16: =IF(D16<0,"Cut",IF(D16>0,"Hike","No Change")) -> Hike | F16: =IF(D16=$B$21,1-$B$20,IF(D16=$B$22,$B$20,0)) -> 0 | G16: =$B$8+D16/100 -> 4.375 | H16: =IF(F16>0,"Model-implied probability","")
A17: Expected Meeting Move (bps) | B17: =(B16-B7)*100 -> 15 | D17: 100 | E17: =IF(D17<0,"Cut",IF(D17>0,"Hike","No Change")) -> Hike | F17: =IF(D17=$B$21,1-$B$20,IF(D17=$B$22,$B$20,0)) -> 0 | G17: =$B$8+D17/100 -> 4.625 | H17: =IF(F17>0,"Model-implied probability","")
A18: Expected Move in 25bp Increments | B18: =ABS(B17)/(B13*100) -> 0.6 | D18: 125 | E18: =IF(D18<0,"Cut",IF(D18>0,"Hike","No Change")) -> Hike | F18: =IF(D18=$B$21,1-$B$20,IF(D18=$B$22,$B$20,0)) -> 0 | G18: =$B$8+D18/100 -> 4.875 | H18: =IF(F18>0,"Model-implied probability","")
A19: Base Increment (bps) | B19: =INT(B18)*25 -> 0 | D19: 150 | E19: =IF(D19<0,"Cut",IF(D19>0,"Hike","No Change")) -> Hike | F19: =IF(D19=$B$21,1-$B$20,IF(D19=$B$22,$B$20,0)) -> 0 | G19: =$B$8+D19/100 -> 5.125 | H19: =IF(F19>0,"Model-implied probability","")
A20: Remainder / Fraction | B20: =B18-INT(B18) -> 0.6 | D20: 175 | E20: =IF(D20<0,"Cut",IF(D20>0,"Hike","No Change")) -> Hike | F20: =IF(D20=$B$21,1-$B$20,IF(D20=$B$22,$B$20,0)) -> 0 | G20: =$B$8+D20/100 -> 5.375 | H20: =IF(F20>0,"Model-implied probability","")
A21: Lower Outcome (bps) | B21: =IF(B17=0,0,IF(B17>0,INT(B18)*25,-INT(B18)*25)) -> 0 | D21: 200 | E21: =IF(D21<0,"Cut",IF(D21>0,"Hike","No Change")) -> Hike | F21: =IF(D21=$B$21,1-$B$20,IF(D21=$B$22,$B$20,0)) -> 0 | G21: =$B$8+D21/100 -> 5.625 | H21: =IF(F21>0,"Model-implied probability","")
A22: Upper Outcome (bps) | B22: =IF(B17=0,0,IF(B17>0,(INT(B18)+1)*25,-(INT(B18)+1)*25)) -> 25
A24: Interpretation: ZQ price = 100 - average daily EFFR for the contract month. The model estimates the post-meeting EFFR by weighting the pre- and post-meeting portions of the month. It then maps the expected meeting move into adjacent 25bp outcomes: for example, a 15bp expected hike implies 60% probability of +25bp and 40% probability of no change. This is an estimate, not a unique probability distribution; CME FedWatch builds a broader probability tree by linking multiple ZQ contracts and FOMC meetings.

Sheet Sheet1
C3: ZQ
C5: Current contract price | D5: 96.27375
C7: =100-D5 -> 3.72625
C9: effective federal funds rate as published by the new york fed
C12: Target rate | D12: 0.03625
C14: Lower bound | D14: 0.035
C15: Upper bound | D15: 0.0375
C16: Effective Federal Funds Rate | D16: =(D15+D14)/2 -> 0.03625 | F16: =D16*100 -> 3.625
D20: =(C7/100)-D12 -> 0.0010125
F22: =100-F16 -> 96.375
D26: Lower Bound | E26: Upper Bound | F26: Effective Federal Funds Rate | G26: ZQ Price
D32: =$D$14 -> 0.035 | E32: =$D$15 -> 0.0375 | F32: =(E32+D32)/2 -> 0.03625

Sheet Sources & Notes
A1: Sources, Methodology & Model Notes
A3: Topic | B3: Source | C3: URL / Reference | D3: What the workbook uses | E3: Date Checked | F3: Notes
A4: 30-Day Fed Funds futures contract specs | B4: CME Group Rulebook — Chapter 22 | C4: https://www.cmegroup.com/rulebook/CBOT/III/22.pdf | D4: $4,167 contract value; $41.67 per 1 bp | E4: 2026-09-14 | F4: ZQ price is an IMM-style index; final settlement is 100 minus the monthly average EFFR.
A5: FedWatch probability methodology | B5: CME Group | C5: https://www.cmegroup.com/articles/2023/understanding-the-cme-group-fedwatch-tool-methodology.html | D5: 25bp step assumptions; adjacent-outcome probabilities; probability tree concept | E5: 2026-09-14 | F5: A single futures contract identifies an expected monthly rate, not a unique multi-state probability distribution.
A6: Fed Funds futures trade example | B6: CME Group | C6: https://www.cmegroup.com/education/articles-and-reports/using-fed-fund-futures-to-trade-the-fomc-decisions | D6: $41.67 per bp and ~$1,041.75 per 25bp | E6: 2026-09-14 | F6: Used for P&L convention and trade interpretation.
A7: Federal funds effective rate | B7: Federal Reserve H.15 | C7: https://www.federalreserve.gov/datadownload/Preview.aspx?pi=400&preview=H15%2FH15%2FRIFSPFF_N.D&rel=H15 | D7: Illustrative current EFFR input of 3.63% | E7: 2026-09-14 | F7: Replace with the latest published EFFR when trading.
A8: FOMC meeting calendar | B8: Federal Reserve Board | C8: https://www.federalreserve.gov/newsevents/2026-september.htm | D8: Illustrative September 2026 meeting / effective-date setup | E8: 2026-09-14 | F8: Workbook uses 9/17/2026 as the illustrative effective date, yielding 16 pre- and 14 post-meeting calendar days.
A10: Important modeling note: CME's published FedWatch methodology is a multi-contract probability tree. This workbook's Probability sheet intentionally gives you a transparent single-meeting calculator first: it converts a monthly ZQ implied average into an estimated post-meeting EFFR, then converts the expected move into adjacent 25bp outcome probabilities. For a full forward probability tree, populate sequential ZQ contracts and meeting dates and extend the same logic across meetings.
